{
  "total_requests": 10,
  "successful_requests": 10,
  "failed_requests": 0,
  "latencies": [
    97.94235229492188,
    138.83137702941895,
    72.17884063720703,
    95.79324722290039,
    122.32160568237305,
    22.7811336517334,
    81.02893829345703,
    75.1640796661377,
    71.26021385192871,
    104.24685478210449
  ],
  "errors": [],
  "avg_latency": 88.15486431121826,
  "min_latency": 22.7811336517334,
  "max_latency": 138.83137702941895
}